Date,observations (m),Observations minus predictions (m)
2025-11-20 17:52 PST,1.505,-0.010
2025-11-20 17:51 PST,1.511,-0.012
2025-11-20 17:50 PST,1.518,-0.012
2025-11-20 17:49 PST,1.530,-0.007
2025-11-20 17:48 PST,1.543,-0.001
2025-11-20 17:47 PST,1.552,0.001
2025-11-20 17:46 PST,1.553,-0.005
2025-11-20 17:45 PST,1.556,-0.010
2025-11-20 17:44 PST,1.566,-0.007
2025-11-20 17:43 PST,1.581,0.001
2025-11-20 17:42 PST,1.592,0.005
2025-11-20 17:41 PST,1.596,0.002
2025-11-20 17:40 PST,1.596,-0.005
2025-11-20 17:39 PST,1.594,-0.014
2025-11-20 17:38 PST,1.593,-0.022
2025-11-20 17:37 PST,1.597,-0.025
2025-11-20 17:36 PST,1.606,-0.023
2025-11-20 17:35 PST,1.617,-0.019
2025-11-20 17:34 PST,1.626,-0.017
2025-11-20 17:33 PST,1.632,-0.017
2025-11-20 17:32 PST,1.636,-0.020
2025-11-20 17:31 PST,1.640,-0.023
2025-11-20 17:30 PST,1.645,-0.025
2025-11-20 17:29 PST,1.654,-0.023
2025-11-20 17:28 PST,1.661,-0.023
2025-11-20 17:27 PST,1.666,-0.025
2025-11-20 17:26 PST,1.669,-0.028
2025-11-20 17:25 PST,1.671,-0.033
2025-11-20 17:24 PST,1.673,-0.038
2025-11-20 17:23 PST,1.674,-0.044
2025-11-20 17:22 PST,1.675,-0.049
2025-11-20 17:21 PST,1.680,-0.051
2025-11-20 17:20 PST,1.694,-0.044
2025-11-20 17:19 PST,1.714,-0.030
2025-11-20 17:18 PST,1.734,-0.017
2025-11-20 17:17 PST,1.747,-0.011
2025-11-20 17:16 PST,1.752,-0.012
2025-11-20 17:15 PST,1.754,-0.017
2025-11-20 17:14 PST,1.759,-0.018
2025-11-20 17:13 PST,1.770,-0.014
2025-11-20 17:12 PST,1.782,-0.008
2025-11-20 17:11 PST,1.793,-0.004
2025-11-20 17:10 PST,1.803,0.000
2025-11-20 17:09 PST,1.811,0.001
2025-11-20 17:08 PST,1.815,-0.001
2025-11-20 17:07 PST,1.815,-0.008
2025-11-20 17:06 PST,1.811,-0.018
2025-11-20 17:05 PST,1.811,-0.025
2025-11-20 17:04 PST,1.814,-0.028
2025-11-20 17:03 PST,1.823,-0.025
2025-11-20 17:02 PST,1.833,-0.022
2025-11-20 17:01 PST,1.843,-0.018
2025-11-20 17:00 PST,1.847,-0.021
2025-11-20 16:59 PST,1.851,-0.023
2025-11-20 16:58 PST,1.851,-0.029
2025-11-20 16:57 PST,1.854,-0.032
2025-11-20 16:56 PST,1.859,-0.034
2025-11-20 16:55 PST,1.869,-0.030
2025-11-20 16:54 PST,1.876,-0.029
2025-11-20 16:53 PST,1.881,-0.030
2025-11-20 16:52 PST,1.887,-0.031
2025-11-20 16:51 PST,1.895,-0.029
2025-11-20 16:50 PST,1.902,-0.028
2025-11-20 16:49 PST,1.904,-0.032
2025-11-20 16:48 PST,1.907,-0.035
2025-11-20 16:47 PST,1.912,-0.036
2025-11-20 16:46 PST,1.922,-0.032
2025-11-20 16:45 PST,1.932,-0.028
2025-11-20 16:44 PST,1.940,-0.026
2025-11-20 16:43 PST,1.943,-0.030
2025-11-20 16:42 PST,1.944,-0.035
2025-11-20 16:41 PST,1.949,-0.036
2025-11-20 16:40 PST,1.959,-0.032
2025-11-20 16:39 PST,1.967,-0.029
2025-11-20 16:38 PST,1.974,-0.028
2025-11-20 16:37 PST,1.978,-0.030
2025-11-20 16:36 PST,1.989,-0.025
2025-11-20 16:35 PST,2.004,-0.016
2025-11-20 16:34 PST,2.020,-0.006
2025-11-20 16:33 PST,2.029,-0.003
2025-11-20 16:32 PST,2.032,-0.006
2025-11-20 16:31 PST,2.030,-0.014
2025-11-20 16:30 PST,2.030,-0.019
2025-11-20 16:29 PST,2.030,-0.025
2025-11-20 16:28 PST,2.034,-0.027
2025-11-20 16:27 PST,2.041,-0.026
2025-11-20 16:26 PST,2.042,-0.030
2025-11-20 16:25 PST,2.047,-0.031
2025-11-20 16:24 PST,2.055,-0.029
2025-11-20 16:23 PST,2.067,-0.023
2025-11-20 16:22 PST,2.077,-0.018
2025-11-20 16:21 PST,2.086,-0.015
2025-11-20 16:20 PST,2.090,-0.016
2025-11-20 16:19 PST,2.095,-0.017
2025-11-20 16:18 PST,2.097,-0.021
2025-11-20 16:17 PST,2.104,-0.019
2025-11-20 16:16 PST,2.109,-0.020
2025-11-20 16:15 PST,2.111,-0.023
2025-11-20 16:14 PST,2.104,-0.036
2025-11-20 16:13 PST,2.099,-0.046
2025-11-20 16:12 PST,2.105,-0.046
2025-11-20 16:11 PST,2.114,-0.042
2025-11-20 16:10 PST,2.123,-0.039
2025-11-20 16:09 PST,2.128,-0.039
2025-11-20 16:08 PST,2.139,-0.033
2025-11-20 16:07 PST,2.149,-0.029
2025-11-20 16:06 PST,2.165,-0.018
2025-11-20 16:05 PST,2.170,-0.019
2025-11-20 16:04 PST,2.174,-0.020
2025-11-20 16:03 PST,2.180,-0.019
2025-11-20 16:02 PST,2.189,-0.015
2025-11-20 16:01 PST,2.197,-0.013
2025-11-20 16:00 PST,2.201,-0.014
2025-11-20 15:59 PST,2.201,-0.019
2025-11-20 15:58 PST,2.202,-0.023
2025-11-20 15:57 PST,2.205,-0.025
2025-11-20 15:56 PST,2.210,-0.026
2025-11-20 15:55 PST,2.216,-0.025
2025-11-20 15:54 PST,2.224,-0.022
2025-11-20 15:53 PST,2.233,-0.018
2025-11-20 15:52 PST,2.243,-0.013
2025-11-20 15:51 PST,2.254,-0.007
2025-11-20 15:50 PST,2.263,-0.003
2025-11-20 15:49 PST,2.271,0.000
2025-11-20 15:48 PST,2.274,-0.002
2025-11-20 15:47 PST,2.279,-0.002
2025-11-20 15:46 PST,2.287,0.001
2025-11-20 15:45 PST,2.296,0.005
2025-11-20 15:44 PST,2.301,0.005
2025-11-20 15:43 PST,2.303,0.003
2025-11-20 15:42 PST,2.302,-0.003
2025-11-20 15:41 PST,2.306,-0.004
2025-11-20 15:40 PST,2.310,-0.005
2025-11-20 15:39 PST,2.318,-0.002
2025-11-20 15:38 PST,2.324,0.000
2025-11-20 15:37 PST,2.327,-0.002
2025-11-20 15:36 PST,2.333,-0.001
2025-11-20 15:35 PST,2.342,0.004
2025-11-20 15:34 PST,2.353,0.010
2025-11-20 15:33 PST,2.366,0.018
2025-11-20 15:32 PST,2.369,0.017
2025-11-20 15:31 PST,2.369,0.012
2025-11-20 15:30 PST,2.374,0.013
2025-11-20 15:29 PST,2.380,0.014
2025-11-20 15:28 PST,2.386,0.016
2025-11-20 15:27 PST,2.383,0.008
2025-11-20 15:26 PST,2.375,-0.004
2025-11-20 15:25 PST,2.374,-0.009
2025-11-20 15:24 PST,2.379,-0.009
2025-11-20 15:23 PST,2.388,-0.004
2025-11-20 15:22 PST,2.395,-0.001
2025-11-20 15:21 PST,2.402,0.001
2025-11-20 15:20 PST,2.408,0.003
2025-11-20 15:19 PST,2.414,0.005
2025-11-20 15:18 PST,2.420,0.007
2025-11-20 15:17 PST,2.427,0.010
2025-11-20 15:16 PST,2.432,0.010
2025-11-20 15:15 PST,2.438,0.012
2025-11-20 15:14 PST,2.445,0.015
2025-11-20 15:13 PST,2.450,0.016
2025-11-20 15:12 PST,2.457,0.019
2025-11-20 15:11 PST,2.463,0.021
2025-11-20 15:10 PST,2.468,0.022
2025-11-20 15:09 PST,2.473,0.023
2025-11-20 15:08 PST,2.478,0.024
2025-11-20 15:07 PST,2.481,0.023
2025-11-20 15:06 PST,2.484,0.023
2025-11-20 15:05 PST,2.483,0.018
2025-11-20 15:04 PST,2.482,0.013
2025-11-20 15:03 PST,2.479,0.006
2025-11-20 15:02 PST,2.480,0.004
2025-11-20 15:01 PST,2.485,0.005
2025-11-20 15:00 PST,2.490,0.006
2025-11-20 14:59 PST,2.497,0.010
2025-11-20 14:58 PST,2.505,0.014
2025-11-20 14:57 PST,2.513,0.018
2025-11-20 14:56 PST,2.524,0.026
2025-11-20 14:55 PST,2.533,0.031
2025-11-20 14:54 PST,2.542,0.037
2025-11-20 14:53 PST,2.548,0.039
2025-11-20 14:52 PST,2.553,0.041
2025-11-20 14:51 PST,2.558,0.043
2025-11-20 14:50 PST,2.562,0.043
2025-11-20 14:49 PST,2.565,0.043
2025-11-20 14:48 PST,2.565,0.040
2025-11-20 14:47 PST,2.562,0.033
2025-11-20 14:46 PST,2.560,0.028
2025-11-20 14:45 PST,2.560,0.025
2025-11-20 14:44 PST,2.561,0.023
2025-11-20 14:43 PST,2.559,0.017
2025-11-20 14:42 PST,2.557,0.012
2025-11-20 14:41 PST,2.556,0.008
2025-11-20 14:40 PST,2.559,0.008
2025-11-20 14:39 PST,2.565,0.011
2025-11-20 14:38 PST,2.573,0.016
2025-11-20 14:37 PST,2.580,0.020
2025-11-20 14:36 PST,2.587,0.024
2025-11-20 14:35 PST,2.596,0.030
2025-11-20 14:34 PST,2.603,0.035
2025-11-20 14:33 PST,2.608,0.037
2025-11-20 14:32 PST,2.610,0.036
2025-11-20 14:31 PST,2.610,0.033
2025-11-20 14:30 PST,2.613,0.033
2025-11-20 14:29 PST,2.617,0.035
2025-11-20 14:28 PST,2.619,0.034
2025-11-20 14:27 PST,2.617,0.029
2025-11-20 14:26 PST,2.615,0.025
2025-11-20 14:25 PST,2.615,0.022
2025-11-20 14:24 PST,2.618,0.022
2025-11-20 14:23 PST,2.622,0.024
2025-11-20 14:22 PST,2.627,0.026
2025-11-20 14:21 PST,2.629,0.026
2025-11-20 14:20 PST,2.634,0.028
2025-11-20 14:19 PST,2.640,0.032
2025-11-20 14:18 PST,2.646,0.036
2025-11-20 14:17 PST,2.651,0.038
2025-11-20 14:16 PST,2.654,0.039
2025-11-20 14:15 PST,2.658,0.041
2025-11-20 14:14 PST,2.664,0.044
2025-11-20 14:13 PST,2.671,0.049
2025-11-20 14:12 PST,2.678,0.054
2025-11-20 14:11 PST,2.680,0.054
2025-11-20 14:10 PST,2.681,0.052
2025-11-20 14:09 PST,2.681,0.050
2025-11-20 14:08 PST,2.685,0.052
2025-11-20 14:07 PST,2.690,0.055
2025-11-20 14:06 PST,2.695,0.058
2025-11-20 14:05 PST,2.696,0.057
2025-11-20 14:04 PST,2.697,0.056
2025-11-20 14:03 PST,2.697,0.054
2025-11-20 14:02 PST,2.698,0.053
2025-11-20 14:01 PST,2.697,0.050
2025-11-20 14:00 PST,2.697,0.048
2025-11-20 13:59 PST,2.696,0.045
2025-11-20 13:58 PST,2.699,0.046
2025-11-20 13:57 PST,2.702,0.048
2025-11-20 13:56 PST,2.707,0.051
2025-11-20 13:55 PST,2.711,0.053
2025-11-20 13:54 PST,2.717,0.057
2025-11-20 13:53 PST,2.724,0.062
2025-11-20 13:52 PST,2.733,0.070
2025-11-20 13:51 PST,2.739,0.074
2025-11-20 13:50 PST,2.741,0.074
2025-11-20 13:49 PST,2.740,0.072
2025-11-20 13:48 PST,2.736,0.066
2025-11-20 13:47 PST,2.734,0.062
2025-11-20 13:46 PST,2.732,0.059
2025-11-20 13:45 PST,2.730,0.055
2025-11-20 13:44 PST,2.729,0.053
2025-11-20 13:43 PST,2.730,0.052
2025-11-20 13:42 PST,2.732,0.053
2025-11-20 13:41 PST,2.736,0.055
2025-11-20 13:40 PST,2.741,0.059
2025-11-20 13:39 PST,2.746,0.062
2025-11-20 13:38 PST,2.752,0.067
2025-11-20 13:37 PST,2.759,0.073
2025-11-20 13:36 PST,2.767,0.079
2025-11-20 13:35 PST,2.773,0.084
2025-11-20 13:34 PST,2.774,0.083
2025-11-20 13:33 PST,2.770,0.078
2025-11-20 13:32 PST,2.766,0.073
2025-11-20 13:31 PST,2.763,0.069
2025-11-20 13:30 PST,2.762,0.066
2025-11-20 13:29 PST,2.763,0.066
2025-11-20 13:28 PST,2.761,0.063
2025-11-20 13:27 PST,2.760,0.061
2025-11-20 13:26 PST,2.760,0.059
2025-11-20 13:25 PST,2.762,0.060
2025-11-20 13:24 PST,2.766,0.063
2025-11-20 13:23 PST,2.771,0.067
2025-11-20 13:22 PST,2.776,0.071
2025-11-20 13:21 PST,2.783,0.077
2025-11-20 13:20 PST,2.791,0.084
2025-11-20 13:19 PST,2.796,0.087
2025-11-20 13:18 PST,2.798,0.088
2025-11-20 13:17 PST,2.799,0.088
2025-11-20 13:16 PST,2.799,0.087
2025-11-20 13:15 PST,2.800,0.087
2025-11-20 13:14 PST,2.802,0.088
2025-11-20 13:13 PST,2.802,0.087
2025-11-20 13:12 PST,2.798,0.082
2025-11-20 13:11 PST,2.792,0.075
2025-11-20 13:10 PST,2.787,0.069
2025-11-20 13:09 PST,2.786,0.067
2025-11-20 13:08 PST,2.789,0.069
2025-11-20 13:07 PST,2.793,0.073
2025-11-20 13:06 PST,2.797,0.076
2025-11-20 13:05 PST,2.801,0.079
2025-11-20 13:04 PST,2.806,0.083
2025-11-20 13:03 PST,2.812,0.088
2025-11-20 13:02 PST,2.817,0.092
2025-11-20 13:01 PST,2.822,0.096
2025-11-20 13:00 PST,2.826,0.099
2025-11-20 12:59 PST,2.828,0.101
2025-11-20 12:58 PST,2.829,0.101
2025-11-20 12:57 PST,2.826,0.097
2025-11-20 12:56 PST,2.819,0.089
2025-11-20 12:55 PST,2.813,0.082
2025-11-20 12:54 PST,2.812,0.081
2025-11-20 12:53 PST,2.814,0.082
2025-11-20 12:52 PST,2.819,0.086
2025-11-20 12:51 PST,2.823,0.089
2025-11-20 12:50 PST,2.826,0.092
2025-11-20 12:49 PST,2.828,0.093
2025-11-20 12:48 PST,2.833,0.097
2025-11-20 12:47 PST,2.837,0.101
2025-11-20 12:46 PST,2.840,0.103
2025-11-20 12:45 PST,2.841,0.103
2025-11-20 12:44 PST,2.841,0.103
2025-11-20 12:43 PST,2.841,0.102
2025-11-20 12:42 PST,2.841,0.101
2025-11-20 12:41 PST,2.838,0.098
2025-11-20 12:40 PST,2.835,0.094
2025-11-20 12:39 PST,2.834,0.092
2025-11-20 12:38 PST,2.837,0.095
2025-11-20 12:37 PST,2.841,0.098
2025-11-20 12:36 PST,2.844,0.101
2025-11-20 12:35 PST,2.844,0.100
2025-11-20 12:34 PST,2.843,0.098
2025-11-20 12:33 PST,2.844,0.099
2025-11-20 12:32 PST,2.847,0.101
2025-11-20 12:31 PST,2.849,0.103
2025-11-20 12:30 PST,2.852,0.105
2025-11-20 12:29 PST,2.853,0.106
2025-11-20 12:28 PST,2.854,0.106
2025-11-20 12:27 PST,2.856,0.108
2025-11-20 12:26 PST,2.856,0.107
2025-11-20 12:25 PST,2.854,0.105
2025-11-20 12:24 PST,2.850,0.100
2025-11-20 12:23 PST,2.848,0.098
2025-11-20 12:22 PST,2.849,0.098
2025-11-20 12:21 PST,2.854,0.103
2025-11-20 12:20 PST,2.856,0.105
2025-11-20 12:19 PST,2.858,0.106
2025-11-20 12:18 PST,2.857,0.105
2025-11-20 12:17 PST,2.859,0.106
2025-11-20 12:16 PST,2.863,0.110
2025-11-20 12:15 PST,2.868,0.115
2025-11-20 12:14 PST,2.872,0.118
2025-11-20 12:13 PST,2.875,0.121
2025-11-20 12:12 PST,2.876,0.121
2025-11-20 12:11 PST,2.879,0.124
2025-11-20 12:10 PST,2.879,0.124
2025-11-20 12:09 PST,2.878,0.122
2025-11-20 12:08 PST,2.876,0.120
2025-11-20 12:07 PST,2.877,0.121
2025-11-20 12:06 PST,2.881,0.125
2025-11-20 12:05 PST,2.886,0.129
2025-11-20 12:04 PST,2.886,0.129
2025-11-20 12:03 PST,2.883,0.126
2025-11-20 12:02 PST,2.878,0.121
2025-11-20 12:01 PST,2.876,0.118
2025-11-20 12:00 PST,2.878,0.120
2025-11-20 11:59 PST,2.882,0.124
2025-11-20 11:58 PST,2.885,0.127
2025-11-20 11:57 PST,2.885,0.126
2025-11-20 11:56 PST,2.885,0.126
2025-11-20 11:55 PST,2.883,0.124
2025-11-20 11:54 PST,2.882,0.123
2025-11-20 11:53 PST,2.880,0.121
2025-11-20 11:52 PST,2.879,0.120
2025-11-20 11:51 PST,2.882,0.123
2025-11-20 11:50 PST,2.886,0.126
2025-11-20 11:49 PST,2.888,0.128
2025-11-20 11:48 PST,2.887,0.127
2025-11-20 11:47 PST,2.881,0.121
2025-11-20 11:46 PST,2.877,0.117
2025-11-20 11:45 PST,2.877,0.117
2025-11-20 11:44 PST,2.880,0.120
2025-11-20 11:43 PST,2.883,0.123
2025-11-20 11:42 PST,2.881,0.121
2025-11-20 11:41 PST,2.877,0.117
2025-11-20 11:40 PST,2.876,0.116
2025-11-20 11:39 PST,2.878,0.118
2025-11-20 11:38 PST,2.883,0.123
2025-11-20 11:37 PST,2.886,0.126
2025-11-20 11:36 PST,2.889,0.129
2025-11-20 11:35 PST,2.892,0.132
2025-11-20 11:34 PST,2.897,0.137
2025-11-20 11:33 PST,2.900,0.140
2025-11-20 11:32 PST,2.897,0.138
2025-11-20 11:31 PST,2.891,0.132
2025-11-20 11:30 PST,2.886,0.127
2025-11-20 11:29 PST,2.886,0.127
2025-11-20 11:28 PST,2.887,0.128
2025-11-20 11:27 PST,2.885,0.126
2025-11-20 11:26 PST,2.877,0.119
2025-11-20 11:25 PST,2.868,0.110
2025-11-20 11:24 PST,2.864,0.106
2025-11-20 11:23 PST,2.864,0.106
2025-11-20 11:22 PST,2.866,0.109
2025-11-20 11:21 PST,2.867,0.110
2025-11-20 11:20 PST,2.865,0.108
2025-11-20 11:19 PST,2.867,0.111
2025-11-20 11:18 PST,2.870,0.114
2025-11-20 11:17 PST,2.874,0.118
2025-11-20 11:16 PST,2.875,0.120
2025-11-20 11:15 PST,2.873,0.118
2025-11-20 11:14 PST,2.874,0.119
2025-11-20 11:13 PST,2.876,0.122
2025-11-20 11:12 PST,2.878,0.124
2025-11-20 11:11 PST,2.872,0.118
2025-11-20 11:10 PST,2.859,0.106
2025-11-20 11:09 PST,2.845,0.092
2025-11-20 11:08 PST,2.839,0.087
2025-11-20 11:07 PST,2.839,0.087
2025-11-20 11:06 PST,2.843,0.092
2025-11-20 11:05 PST,2.840,0.089
2025-11-20 11:04 PST,2.839,0.089
2025-11-20 11:03 PST,2.839,0.089
2025-11-20 11:02 PST,2.846,0.097
2025-11-20 11:01 PST,2.853,0.104
2025-11-20 11:00 PST,2.854,0.106
2025-11-20 10:59 PST,2.854,0.107
2025-11-20 10:58 PST,2.857,0.110
2025-11-20 10:57 PST,2.863,0.117
2025-11-20 10:56 PST,2.869,0.124
2025-11-20 10:55 PST,2.864,0.119
2025-11-20 10:54 PST,2.853,0.109
2025-11-20 10:53 PST,2.846,0.102
2025-11-20 10:52 PST,2.846,0.103
2025-11-20 10:51 PST,2.852,0.110
2025-11-20 10:50 PST,2.850,0.109
2025-11-20 10:49 PST,2.845,0.104
2025-11-20 10:48 PST,2.834,0.094
2025-11-20 10:47 PST,2.834,0.095
2025-11-20 10:46 PST,2.837,0.099
2025-11-20 10:45 PST,2.839,0.101
2025-11-20 10:44 PST,2.835,0.098
2025-11-20 10:43 PST,2.832,0.096
2025-11-20 10:42 PST,2.833,0.098
2025-11-20 10:41 PST,2.837,0.103
2025-11-20 10:40 PST,2.835,0.101
2025-11-20 10:39 PST,2.824,0.091
2025-11-20 10:38 PST,2.816,0.084
2025-11-20 10:37 PST,2.810,0.079
2025-11-20 10:36 PST,2.813,0.083
2025-11-20 10:35 PST,2.810,0.081
2025-11-20 10:34 PST,2.806,0.078
2025-11-20 10:33 PST,2.805,0.078
2025-11-20 10:32 PST,2.803,0.077
2025-11-20 10:31 PST,2.804,0.078
2025-11-20 10:30 PST,2.806,0.081
2025-11-20 10:29 PST,2.807,0.083
2025-11-20 10:28 PST,2.807,0.084
2025-11-20 10:27 PST,2.807,0.085
2025-11-20 10:26 PST,2.805,0.084
2025-11-20 10:25 PST,2.802,0.082
2025-11-20 10:24 PST,2.794,0.075
2025-11-20 10:23 PST,2.785,0.067
2025-11-20 10:22 PST,2.777,0.060
2025-11-20 10:21 PST,2.775,0.059
2025-11-20 10:20 PST,2.777,0.062
2025-11-20 10:19 PST,2.779,0.065
2025-11-20 10:18 PST,2.779,0.066
2025-11-20 10:17 PST,2.779,0.067
2025-11-20 10:16 PST,2.780,0.069
2025-11-20 10:15 PST,2.782,0.073
2025-11-20 10:14 PST,2.784,0.076
2025-11-20 10:13 PST,2.781,0.074
2025-11-20 10:12 PST,2.778,0.072
2025-11-20 10:11 PST,2.774,0.069
2025-11-20 10:10 PST,2.772,0.068
2025-11-20 10:09 PST,2.769,0.066
2025-11-20 10:08 PST,2.765,0.063
2025-11-20 10:07 PST,2.759,0.058
2025-11-20 10:06 PST,2.757,0.057
2025-11-20 10:05 PST,2.759,0.060
2025-11-20 10:04 PST,2.762,0.064
2025-11-20 10:03 PST,2.762,0.066
2025-11-20 10:02 PST,2.757,0.062
2025-11-20 10:01 PST,2.752,0.058
2025-11-20 10:00 PST,2.751,0.058
2025-11-20 09:59 PST,2.752,0.060
2025-11-20 09:58 PST,2.754,0.063
2025-11-20 09:57 PST,2.752,0.062
2025-11-20 09:56 PST,2.748,0.059
2025-11-20 09:55 PST,2.746,0.058
2025-11-20 09:54 PST,2.746,0.060
2025-11-20 09:53 PST,2.745,0.060
2025-11-20 09:52 PST,2.738,0.054
2025-11-20 09:51 PST,2.731,0.048
2025-11-20 09:50 PST,2.730,0.048
2025-11-20 09:49 PST,2.732,0.051
2025-11-20 09:48 PST,2.736,0.056
2025-11-20 09:47 PST,2.733,0.054
2025-11-20 09:46 PST,2.726,0.048
2025-11-20 09:45 PST,2.721,0.044
2025-11-20 09:44 PST,2.722,0.047
2025-11-20 09:43 PST,2.729,0.055
2025-11-20 09:42 PST,2.726,0.053
2025-11-20 09:41 PST,2.724,0.052
2025-11-20 09:40 PST,2.720,0.049
2025-11-20 09:39 PST,2.716,0.046
2025-11-20 09:38 PST,2.713,0.044
2025-11-20 09:37 PST,2.712,0.044
2025-11-20 09:36 PST,2.714,0.047
2025-11-20 09:35 PST,2.716,0.050
2025-11-20 09:34 PST,2.717,0.052
2025-11-20 09:33 PST,2.715,0.051
2025-11-20 09:32 PST,2.713,0.050
2025-11-20 09:31 PST,2.710,0.048
2025-11-20 09:30 PST,2.708,0.047
2025-11-20 09:29 PST,2.706,0.046
2025-11-20 09:28 PST,2.706,0.047
2025-11-20 09:27 PST,2.706,0.048
2025-11-20 09:26 PST,2.705,0.048
2025-11-20 09:25 PST,2.704,0.048
2025-11-20 09:24 PST,2.700,0.045
2025-11-20 09:23 PST,2.697,0.043
2025-11-20 09:22 PST,2.693,0.040
2025-11-20 09:21 PST,2.691,0.039
2025-11-20 09:20 PST,2.692,0.041
2025-11-20 09:19 PST,2.696,0.046
2025-11-20 09:18 PST,2.698,0.049
2025-11-20 09:17 PST,2.700,0.052
2025-11-20 09:16 PST,2.699,0.051
2025-11-20 09:15 PST,2.699,0.052
2025-11-20 09:14 PST,2.699,0.053
2025-11-20 09:13 PST,2.699,0.054
2025-11-20 09:12 PST,2.698,0.054
2025-11-20 09:11 PST,2.694,0.051
2025-11-20 09:10 PST,2.691,0.049
2025-11-20 09:09 PST,2.687,0.045
2025-11-20 09:08 PST,2.684,0.043
2025-11-20 09:07 PST,2.681,0.041
2025-11-20 09:06 PST,2.680,0.041
2025-11-20 09:05 PST,2.682,0.043
2025-11-20 09:04 PST,2.684,0.046
2025-11-20 09:03 PST,2.684,0.047
2025-11-20 09:02 PST,2.683,0.047
2025-11-20 09:01 PST,2.678,0.042
2025-11-20 09:00 PST,2.673,0.038
2025-11-20 08:59 PST,2.670,0.036
2025-11-20 08:58 PST,2.670,0.037
2025-11-20 08:57 PST,2.672,0.039
2025-11-20 08:56 PST,2.673,0.041
2025-11-20 08:55 PST,2.674,0.042
2025-11-20 08:54 PST,2.675,0.044
2025-11-20 08:53 PST,2.676,0.046
2025-11-20 08:52 PST,2.677,0.047
2025-11-20 08:51 PST,2.678,0.049
2025-11-20 08:50 PST,2.679,0.050
2025-11-20 08:49 PST,2.680,0.052
2025-11-20 08:48 PST,2.682,0.055
2025-11-20 08:47 PST,2.682,0.055
2025-11-20 08:46 PST,2.682,0.056
2025-11-20 08:45 PST,2.680,0.054
2025-11-20 08:44 PST,2.680,0.055
2025-11-20 08:43 PST,2.681,0.056
2025-11-20 08:42 PST,2.684,0.060
2025-11-20 08:41 PST,2.687,0.063
2025-11-20 08:40 PST,2.690,0.067
2025-11-20 08:39 PST,2.690,0.067
2025-11-20 08:38 PST,2.688,0.065
2025-11-20 08:37 PST,2.687,0.065
2025-11-20 08:36 PST,2.687,0.065
2025-11-20 08:35 PST,2.688,0.067
2025-11-20 08:34 PST,2.690,0.069
2025-11-20 08:33 PST,2.691,0.070
2025-11-20 08:32 PST,2.690,0.070
2025-11-20 08:31 PST,2.687,0.067
2025-11-20 08:30 PST,2.684,0.064
2025-11-20 08:29 PST,2.681,0.062
2025-11-20 08:28 PST,2.679,0.060
2025-11-20 08:27 PST,2.680,0.061
2025-11-20 08:26 PST,2.684,0.066
2025-11-20 08:25 PST,2.688,0.070
2025-11-20 08:24 PST,2.691,0.073
2025-11-20 08:23 PST,2.692,0.075
2025-11-20 08:22 PST,2.693,0.076
2025-11-20 08:21 PST,2.695,0.078
2025-11-20 08:20 PST,2.698,0.081
2025-11-20 08:19 PST,2.702,0.086
2025-11-20 08:18 PST,2.703,0.087
2025-11-20 08:17 PST,2.703,0.087
2025-11-20 08:16 PST,2.700,0.084
2025-11-20 08:15 PST,2.698,0.082
2025-11-20 08:14 PST,2.695,0.080
2025-11-20 08:13 PST,2.693,0.078
2025-11-20 08:12 PST,2.692,0.077
2025-11-20 08:11 PST,2.693,0.078
2025-11-20 08:10 PST,2.693,0.078
2025-11-20 08:09 PST,2.693,0.078
2025-11-20 08:08 PST,2.692,0.078
2025-11-20 08:07 PST,2.692,0.078
2025-11-20 08:06 PST,2.692,0.078
2025-11-20 08:05 PST,2.695,0.081
2025-11-20 08:04 PST,2.699,0.085
2025-11-20 08:03 PST,2.702,0.088
2025-11-20 08:02 PST,2.704,0.090
2025-11-20 08:01 PST,2.702,0.089
2025-11-20 08:00 PST,2.699,0.086
2025-11-20 07:59 PST,2.695,0.082
2025-11-20 07:58 PST,2.691,0.078
2025-11-20 07:57 PST,2.689,0.076
2025-11-20 07:56 PST,2.688,0.075
2025-11-20 07:55 PST,2.687,0.074
2025-11-20 07:54 PST,2.688,0.075
2025-11-20 07:53 PST,2.688,0.075
2025-11-20 07:52 PST,2.689,0.076
2025-11-20 07:51 PST,2.688,0.076
2025-11-20 07:50 PST,2.688,0.076
2025-11-20 07:49 PST,2.688,0.076
2025-11-20 07:48 PST,2.688,0.076
2025-11-20 07:47 PST,2.689,0.077
2025-11-20 07:46 PST,2.689,0.077
2025-11-20 07:45 PST,2.689,0.077
2025-11-20 07:44 PST,2.689,0.077
2025-11-20 07:43 PST,2.690,0.078
2025-11-20 07:42 PST,2.693,0.081
2025-11-20 07:41 PST,2.695,0.084
2025-11-20 07:40 PST,2.697,0.086
2025-11-20 07:39 PST,2.699,0.088
2025-11-20 07:38 PST,2.700,0.089
2025-11-20 07:37 PST,2.699,0.088
2025-11-20 07:36 PST,2.698,0.087
2025-11-20 07:35 PST,2.695,0.084
2025-11-20 07:34 PST,2.693,0.082
2025-11-20 07:33 PST,2.691,0.080
2025-11-20 07:32 PST,2.692,0.082
2025-11-20 07:31 PST,2.694,0.084
2025-11-20 07:30 PST,2.695,0.085
2025-11-20 07:29 PST,2.695,0.085
2025-11-20 07:28 PST,2.695,0.085
2025-11-20 07:27 PST,2.696,0.086
2025-11-20 07:26 PST,2.698,0.089
2025-11-20 07:25 PST,2.699,0.090
2025-11-20 07:24 PST,2.701,0.092
2025-11-20 07:23 PST,2.700,0.091
2025-11-20 07:22 PST,2.699,0.090
2025-11-20 07:21 PST,2.697,0.089
2025-11-20 07:20 PST,2.695,0.087
2025-11-20 07:19 PST,2.693,0.085
2025-11-20 07:18 PST,2.690,0.082
2025-11-20 07:17 PST,2.687,0.080
2025-11-20 07:16 PST,2.686,0.079
2025-11-20 07:15 PST,2.685,0.078
2025-11-20 07:14 PST,2.687,0.080
2025-11-20 07:13 PST,2.691,0.085
2025-11-20 07:12 PST,2.695,0.089
2025-11-20 07:11 PST,2.699,0.093
2025-11-20 07:10 PST,2.701,0.096
2025-11-20 07:09 PST,2.701,0.096
2025-11-20 07:08 PST,2.699,0.094
2025-11-20 07:07 PST,2.695,0.091
2025-11-20 07:06 PST,2.692,0.088
2025-11-20 07:05 PST,2.689,0.086
2025-11-20 07:04 PST,2.686,0.083
2025-11-20 07:03 PST,2.683,0.080
2025-11-20 07:02 PST,2.679,0.077
2025-11-20 07:01 PST,2.677,0.075
2025-11-20 07:00 PST,2.676,0.075
2025-11-20 06:59 PST,2.677,0.076
2025-11-20 06:58 PST,2.678,0.078
2025-11-20 06:57 PST,2.680,0.080
2025-11-20 06:56 PST,2.681,0.082
2025-11-20 06:55 PST,2.680,0.081
2025-11-20 06:54 PST,2.680,0.082
2025-11-20 06:53 PST,2.680,0.082
2025-11-20 06:52 PST,2.679,0.082
2025-11-20 06:51 PST,2.679,0.083
2025-11-20 06:50 PST,2.678,0.082
2025-11-20 06:49 PST,2.677,0.082
2025-11-20 06:48 PST,2.676,0.081
2025-11-20 06:47 PST,2.674,0.080
2025-11-20 06:46 PST,2.671,0.078
2025-11-20 06:45 PST,2.668,0.076
2025-11-20 06:44 PST,2.666,0.074
2025-11-20 06:43 PST,2.665,0.074
2025-11-20 06:42 PST,2.665,0.075
2025-11-20 06:41 PST,2.665,0.076
2025-11-20 06:40 PST,2.665,0.076
2025-11-20 06:39 PST,2.665,0.077
2025-11-20 06:38 PST,2.666,0.079
2025-11-20 06:37 PST,2.667,0.081
2025-11-20 06:36 PST,2.670,0.085
2025-11-20 06:35 PST,2.670,0.085
2025-11-20 06:34 PST,2.670,0.086
2025-11-20 06:33 PST,2.668,0.085
2025-11-20 06:32 PST,2.666,0.084
2025-11-20 06:31 PST,2.664,0.083
2025-11-20 06:30 PST,2.664,0.084
2025-11-20 06:29 PST,2.663,0.084
2025-11-20 06:28 PST,2.664,0.086
2025-11-20 06:27 PST,2.665,0.088
2025-11-20 06:26 PST,2.665,0.089
2025-11-20 06:25 PST,2.661,0.086
2025-11-20 06:24 PST,2.655,0.081
2025-11-20 06:23 PST,2.647,0.074
2025-11-20 06:22 PST,2.642,0.070
2025-11-20 06:21 PST,2.639,0.068
2025-11-20 06:20 PST,2.639,0.070
2025-11-20 06:19 PST,2.639,0.071
2025-11-20 06:18 PST,2.639,0.072
2025-11-20 06:17 PST,2.637,0.071
2025-11-20 06:16 PST,2.636,0.071
2025-11-20 06:15 PST,2.636,0.072
2025-11-20 06:14 PST,2.635,0.073
2025-11-20 06:13 PST,2.635,0.074
2025-11-20 06:12 PST,2.636,0.076
2025-11-20 06:11 PST,2.638,0.079
2025-11-20 06:10 PST,2.640,0.083
2025-11-20 06:09 PST,2.639,0.083
2025-11-20 06:08 PST,2.637,0.082
2025-11-20 06:07 PST,2.634,0.081
2025-11-20 06:06 PST,2.633,0.081
2025-11-20 06:05 PST,2.634,0.083
2025-11-20 06:04 PST,2.635,0.086
2025-11-20 06:03 PST,2.636,0.088
2025-11-20 06:02 PST,2.634,0.087
2025-11-20 06:01 PST,2.632,0.087
2025-11-20 06:00 PST,2.629,0.085
2025-11-20 05:59 PST,2.628,0.086
2025-11-20 05:58 PST,2.628,0.087
2025-11-20 05:57 PST,2.628,0.089
2025-11-20 05:56 PST,2.628,0.090
2025-11-20 05:55 PST,2.627,0.091
2025-11-20 05:54 PST,2.623,0.088
2025-11-20 05:53 PST,2.617,0.084
2025-11-20 05:52 PST,2.610,0.078
2025-11-20 05:51 PST,2.604,0.074
2025-11-20 05:50 PST,2.601,0.072
2025-11-20 05:49 PST,2.601,0.074
2025-11-20 05:48 PST,2.602,0.077
2025-11-20 05:47 PST,2.604,0.080
2025-11-20 05:46 PST,2.604,0.082
2025-11-20 05:45 PST,2.603,0.082
2025-11-20 05:44 PST,2.602,0.083
2025-11-20 05:43 PST,2.601,0.084
2025-11-20 05:42 PST,2.601,0.085
2025-11-20 05:41 PST,2.599,0.085
2025-11-20 05:40 PST,2.598,0.086
2025-11-20 05:39 PST,2.596,0.085
2025-11-20 05:38 PST,2.594,0.085
2025-11-20 05:37 PST,2.592,0.085
2025-11-20 05:36 PST,2.589,0.083
2025-11-20 05:35 PST,2.588,0.084
2025-11-20 05:34 PST,2.590,0.088
2025-11-20 05:33 PST,2.592,0.092
2025-11-20 05:32 PST,2.594,0.095
2025-11-20 05:31 PST,2.593,0.096
2025-11-20 05:30 PST,2.589,0.094
2025-11-20 05:29 PST,2.586,0.093
2025-11-20 05:28 PST,2.586,0.094
2025-11-20 05:27 PST,2.589,0.099
2025-11-20 05:26 PST,2.592,0.104
2025-11-20 05:25 PST,2.594,0.108
2025-11-20 05:24 PST,2.594,0.110
2025-11-20 05:23 PST,2.593,0.110
2025-11-20 05:22 PST,2.592,0.111
2025-11-20 05:21 PST,2.590,0.111
2025-11-20 05:20 PST,2.587,0.110
2025-11-20 05:19 PST,2.585,0.110
2025-11-20 05:18 PST,2.585,0.112
2025-11-20 05:17 PST,2.586,0.114
2025-11-20 05:16 PST,2.586,0.116
2025-11-20 05:15 PST,2.584,0.116
2025-11-20 05:14 PST,2.580,0.114
2025-11-20 05:13 PST,2.577,0.113
2025-11-20 05:12 PST,2.575,0.113
2025-11-20 05:11 PST,2.573,0.113
2025-11-20 05:10 PST,2.570,0.111
2025-11-20 05:09 PST,2.564,0.107
2025-11-20 05:08 PST,2.557,0.102
2025-11-20 05:07 PST,2.553,0.100
2025-11-20 05:06 PST,2.551,0.100
2025-11-20 05:05 PST,2.551,0.102
2025-11-20 05:04 PST,2.552,0.105
2025-11-20 05:03 PST,2.555,0.110
2025-11-20 05:02 PST,2.557,0.114
2025-11-20 05:01 PST,2.559,0.117
2025-11-20 05:00 PST,2.557,0.117
2025-11-20 04:59 PST,2.553,0.115
2025-11-20 04:58 PST,2.547,0.111
2025-11-20 04:57 PST,2.542,0.108
2025-11-20 04:56 PST,2.538,0.106
2025-11-20 04:55 PST,2.535,0.105
2025-11-20 04:54 PST,2.532,0.104
2025-11-20 04:53 PST,2.529,0.103
2025-11-20 04:52 PST,2.526,0.102
2025-11-20 04:51 PST,2.526,0.103
2025-11-20 04:50 PST,2.526,0.105
2025-11-20 04:49 PST,2.530,0.111
2025-11-20 04:48 PST,2.532,0.115
2025-11-20 04:47 PST,2.533,0.118
2025-11-20 04:46 PST,2.532,0.119
2025-11-20 04:45 PST,2.530,0.119
2025-11-20 04:44 PST,2.529,0.120
2025-11-20 04:43 PST,2.527,0.120
2025-11-20 04:42 PST,2.523,0.118
2025-11-20 04:41 PST,2.521,0.118
2025-11-20 04:40 PST,2.520,0.119
2025-11-20 04:39 PST,2.519,0.120
2025-11-20 04:38 PST,2.516,0.119
2025-11-20 04:37 PST,2.512,0.116
2025-11-20 04:36 PST,2.507,0.113
2025-11-20 04:35 PST,2.503,0.111
2025-11-20 04:34 PST,2.501,0.111
2025-11-20 04:33 PST,2.503,0.115
2025-11-20 04:32 PST,2.505,0.119
2025-11-20 04:31 PST,2.509,0.125
2025-11-20 04:30 PST,2.512,0.130
2025-11-20 04:29 PST,2.512,0.132
2025-11-20 04:28 PST,2.511,0.133
2025-11-20 04:27 PST,2.508,0.132
2025-11-20 04:26 PST,2.505,0.131
2025-11-20 04:25 PST,2.504,0.132
2025-11-20 04:24 PST,2.503,0.133
2025-11-20 04:23 PST,2.502,0.134
2025-11-20 04:22 PST,2.503,0.137
2025-11-20 04:21 PST,2.502,0.138
2025-11-20 04:20 PST,2.502,0.140
2025-11-20 04:19 PST,2.499,0.139
2025-11-20 04:18 PST,2.496,0.137
2025-11-20 04:17 PST,2.490,0.133
2025-11-20 04:16 PST,2.485,0.130
2025-11-20 04:15 PST,2.478,0.125
2025-11-20 04:14 PST,2.472,0.121
2025-11-20 04:13 PST,2.465,0.116
2025-11-20 04:12 PST,2.460,0.113
2025-11-20 04:11 PST,2.457,0.112
2025-11-20 04:10 PST,2.458,0.115
2025-11-20 04:09 PST,2.461,0.120
2025-11-20 04:08 PST,2.464,0.125
2025-11-20 04:07 PST,2.467,0.130
2025-11-20 04:06 PST,2.466,0.131
2025-11-20 04:05 PST,2.464,0.132
2025-11-20 04:04 PST,2.459,0.129
2025-11-20 04:03 PST,2.452,0.124
2025-11-20 04:02 PST,2.446,0.120
2025-11-20 04:01 PST,2.441,0.117
2025-11-20 04:00 PST,2.441,0.119
2025-11-20 03:59 PST,2.441,0.121
2025-11-20 03:58 PST,2.441,0.123
2025-11-20 03:57 PST,2.441,0.125
2025-11-20 03:56 PST,2.439,0.125
2025-11-20 03:55 PST,2.441,0.129
2025-11-20 03:54 PST,2.441,0.131
2025-11-20 03:53 PST,2.442,0.134
2025-11-20 03:52 PST,2.442,0.137
2025-11-20 03:51 PST,2.442,0.139
2025-11-20 03:50 PST,2.442,0.141
2025-11-20 03:49 PST,2.440,0.141
2025-11-20 03:48 PST,2.439,0.142
2025-11-20 03:47 PST,2.439,0.144
2025-11-20 03:46 PST,2.439,0.147
2025-11-20 03:45 PST,2.441,0.151
2025-11-20 03:44 PST,2.441,0.153
2025-11-20 03:43 PST,2.439,0.153
2025-11-20 03:42 PST,2.431,0.148
2025-11-20 03:41 PST,2.423,0.142
2025-11-20 03:40 PST,2.415,0.136
2025-11-20 03:39 PST,2.412,0.136
2025-11-20 03:38 PST,2.412,0.138
2025-11-20 03:37 PST,2.415,0.143
2025-11-20 03:36 PST,2.415,0.145
2025-11-20 03:35 PST,2.416,0.149
2025-11-20 03:34 PST,2.413,0.148
2025-11-20 03:33 PST,2.409,0.147
2025-11-20 03:32 PST,2.401,0.141
2025-11-20 03:31 PST,2.395,0.137
2025-11-20 03:30 PST,2.393,0.138
2025-11-20 03:29 PST,2.392,0.139
2025-11-20 03:28 PST,2.393,0.143
2025-11-20 03:27 PST,2.392,0.144
2025-11-20 03:26 PST,2.388,0.143
2025-11-20 03:25 PST,2.382,0.139
2025-11-20 03:24 PST,2.374,0.134
2025-11-20 03:23 PST,2.368,0.131
2025-11-20 03:22 PST,2.364,0.129
2025-11-20 03:21 PST,2.358,0.126
2025-11-20 03:20 PST,2.355,0.125
2025-11-20 03:19 PST,2.351,0.124
2025-11-20 03:18 PST,2.349,0.125
2025-11-20 03:17 PST,2.348,0.126
2025-11-20 03:16 PST,2.347,0.128
2025-11-20 03:15 PST,2.346,0.130
2025-11-20 03:14 PST,2.347,0.134
2025-11-20 03:13 PST,2.349,0.139
2025-11-20 03:12 PST,2.350,0.142
2025-11-20 03:11 PST,2.351,0.146
2025-11-20 03:10 PST,2.350,0.148
2025-11-20 03:09 PST,2.346,0.147
2025-11-20 03:08 PST,2.341,0.145
2025-11-20 03:07 PST,2.338,0.145
2025-11-20 03:06 PST,2.336,0.146
2025-11-20 03:05 PST,2.336,0.149
2025-11-20 03:04 PST,2.335,0.151
2025-11-20 03:03 PST,2.335,0.154
2025-11-20 03:02 PST,2.332,0.154
2025-11-20 03:01 PST,2.330,0.155
2025-11-20 03:00 PST,2.327,0.155
2025-11-20 02:59 PST,2.322,0.153
2025-11-20 02:58 PST,2.317,0.152
2025-11-20 02:57 PST,2.313,0.151
2025-11-20 02:56 PST,2.310,0.151
2025-11-20 02:55 PST,2.308,0.152
2025-11-20 02:54 PST,2.306,0.154
2025-11-20 02:53 PST,2.302,0.153
2025-11-20 02:52 PST,2.297,0.151
2025-11-20 02:51 PST,2.291,0.149
2025-11-20 02:50 PST,2.285,0.146
2025-11-20 02:49 PST,2.280,0.144
2025-11-20 02:48 PST,2.275,0.143
2025-11-20 02:47 PST,2.271,0.142
2025-11-20 02:46 PST,2.266,0.141
2025-11-20 02:45 PST,2.263,0.142
2025-11-20 02:44 PST,2.260,0.142
2025-11-20 02:43 PST,2.257,0.143
2025-11-20 02:42 PST,2.252,0.141
2025-11-20 02:41 PST,2.246,0.139
2025-11-20 02:40 PST,2.240,0.137
2025-11-20 02:39 PST,2.233,0.134
2025-11-20 02:38 PST,2.228,0.132
2025-11-20 02:37 PST,2.222,0.130
2025-11-20 02:36 PST,2.217,0.129
2025-11-20 02:35 PST,2.210,0.126
2025-11-20 02:34 PST,2.204,0.124
2025-11-20 02:33 PST,2.200,0.124
2025-11-20 02:32 PST,2.196,0.124
2025-11-20 02:31 PST,2.193,0.125
2025-11-20 02:30 PST,2.189,0.125
2025-11-20 02:29 PST,2.186,0.126
2025-11-20 02:28 PST,2.184,0.128
2025-11-20 02:27 PST,2.181,0.129
2025-11-20 02:26 PST,2.179,0.131
2025-11-20 02:25 PST,2.174,0.130
2025-11-20 02:24 PST,2.170,0.130
2025-11-20 02:23 PST,2.166,0.131
2025-11-20 02:22 PST,2.164,0.133
2025-11-20 02:21 PST,2.162,0.135
2025-11-20 02:20 PST,2.158,0.136
2025-11-20 02:19 PST,2.152,0.134
2025-11-20 02:18 PST,2.147,0.133
2025-11-20 02:17 PST,2.143,0.134
2025-11-20 02:16 PST,2.141,0.136
2025-11-20 02:15 PST,2.138,0.138
2025-11-20 02:14 PST,2.135,0.139
2025-11-20 02:13 PST,2.132,0.141
2025-11-20 02:12 PST,2.127,0.140
2025-11-20 02:11 PST,2.125,0.143
2025-11-20 02:10 PST,2.120,0.143
2025-11-20 02:09 PST,2.117,0.144
2025-11-20 02:08 PST,2.112,0.144
2025-11-20 02:07 PST,2.106,0.143
2025-11-20 02:06 PST,2.101,0.142
2025-11-20 02:05 PST,2.097,0.143
2025-11-20 02:04 PST,2.092,0.143
2025-11-20 02:03 PST,2.088,0.144
2025-11-20 02:02 PST,2.083,0.144
2025-11-20 02:01 PST,2.077,0.142
2025-11-20 02:00 PST,2.072,0.142
2025-11-20 01:59 PST,2.066,0.141
2025-11-20 01:58 PST,2.061,0.141
2025-11-20 01:57 PST,2.052,0.137
2025-11-20 01:56 PST,2.043,0.133
2025-11-20 01:55 PST,2.036,0.131
2025-11-20 01:54 PST,2.029,0.129
2025-11-20 01:53 PST,2.025,0.130
2025-11-20 01:52 PST,2.023,0.133
2025-11-20 01:51 PST,2.018,0.134
2025-11-20 01:50 PST,2.014,0.135
2025-11-20 01:49 PST,2.009,0.135
2025-11-20 01:48 PST,2.007,0.138
2025-11-20 01:47 PST,2.005,0.141
2025-11-20 01:46 PST,2.001,0.142
2025-11-20 01:45 PST,1.997,0.144
2025-11-20 01:44 PST,1.990,0.142
2025-11-20 01:43 PST,1.982,0.139
2025-11-20 01:42 PST,1.975,0.138
2025-11-20 01:41 PST,1.967,0.135
2025-11-20 01:40 PST,1.960,0.133
2025-11-20 01:39 PST,1.954,0.133
2025-11-20 01:38 PST,1.949,0.133
2025-11-20 01:37 PST,1.947,0.137
2025-11-20 01:36 PST,1.946,0.141
2025-11-20 01:35 PST,1.943,0.143
2025-11-20 01:34 PST,1.937,0.143
2025-11-20 01:33 PST,1.927,0.138
2025-11-20 01:32 PST,1.920,0.137
2025-11-20 01:31 PST,1.915,0.137
2025-11-20 01:30 PST,1.910,0.138
2025-11-20 01:29 PST,1.905,0.139
2025-11-20 01:28 PST,1.897,0.136
2025-11-20 01:27 PST,1.889,0.134
2025-11-20 01:26 PST,1.881,0.131
2025-11-20 01:25 PST,1.874,0.130
2025-11-20 01:24 PST,1.867,0.129
2025-11-20 01:23 PST,1.861,0.128
2025-11-20 01:22 PST,1.858,0.131
2025-11-20 01:21 PST,1.856,0.134
2025-11-20 01:20 PST,1.853,0.137
2025-11-20 01:19 PST,1.847,0.137
2025-11-20 01:18 PST,1.837,0.133
2025-11-20 01:17 PST,1.825,0.126
2025-11-20 01:16 PST,1.814,0.121
2025-11-20 01:15 PST,1.806,0.119
2025-11-20 01:14 PST,1.801,0.119
2025-11-20 01:13 PST,1.796,0.120
2025-11-20 01:12 PST,1.790,0.120
2025-11-20 01:11 PST,1.783,0.119
2025-11-20 01:10 PST,1.775,0.116
2025-11-20 01:09 PST,1.767,0.114
2025-11-20 01:08 PST,1.759,0.112
2025-11-20 01:07 PST,1.752,0.111
2025-11-20 01:06 PST,1.745,0.110
2025-11-20 01:05 PST,1.742,0.112
2025-11-20 01:04 PST,1.741,0.117
2025-11-20 01:03 PST,1.740,0.122
2025-11-20 01:02 PST,1.737,0.125
2025-11-20 01:01 PST,1.731,0.125
2025-11-20 01:00 PST,1.724,0.123
2025-11-20 00:59 PST,1.718,0.123
2025-11-20 00:58 PST,1.714,0.125
2025-11-20 00:57 PST,1.710,0.127
2025-11-20 00:56 PST,1.704,0.127
2025-11-20 00:55 PST,1.694,0.123
2025-11-20 00:54 PST,1.682,0.116
2025-11-20 00:53 PST,1.671,0.111
2025-11-20 00:52 PST,1.662,0.108
2025-11-20 00:51 PST,1.654,0.106
2025-11-20 00:50 PST,1.647,0.105
2025-11-20 00:49 PST,1.640,0.104
2025-11-20 00:48 PST,1.635,0.104
2025-11-20 00:47 PST,1.632,0.107
2025-11-20 00:46 PST,1.630,0.111
2025-11-20 00:45 PST,1.626,0.113
2025-11-20 00:44 PST,1.618,0.111
2025-11-20 00:43 PST,1.609,0.108
2025-11-20 00:42 PST,1.603,0.107
2025-11-20 00:41 PST,1.599,0.109
2025-11-20 00:40 PST,1.596,0.112
2025-11-20 00:39 PST,1.593,0.115
2025-11-20 00:38 PST,1.586,0.114
2025-11-20 00:37 PST,1.577,0.110
2025-11-20 00:36 PST,1.569,0.108
2025-11-20 00:35 PST,1.562,0.107
2025-11-20 00:34 PST,1.557,0.108
2025-11-20 00:33 PST,1.550,0.107
2025-11-20 00:32 PST,1.541,0.103
2025-11-20 00:31 PST,1.533,0.101
2025-11-20 00:30 PST,1.525,0.099
2025-11-20 00:29 PST,1.518,0.098
2025-11-20 00:28 PST,1.512,0.097
2025-11-20 00:27 PST,1.504,0.095
2025-11-20 00:26 PST,1.496,0.093
2025-11-20 00:25 PST,1.489,0.092
2025-11-20 00:24 PST,1.486,0.094
2025-11-20 00:23 PST,1.484,0.098
2025-11-20 00:22 PST,1.483,0.103
2025-11-20 00:21 PST,1.480,0.106
2025-11-20 00:20 PST,1.475,0.106
2025-11-20 00:19 PST,1.469,0.106
2025-11-20 00:18 PST,1.465,0.108
2025-11-20 00:17 PST,1.462,0.110
2025-11-20 00:16 PST,1.460,0.114
2025-11-20 00:15 PST,1.457,0.117
2025-11-20 00:14 PST,1.452,0.117
2025-11-20 00:13 PST,1.442,0.113
2025-11-20 00:12 PST,1.430,0.107
2025-11-20 00:11 PST,1.418,0.100
2025-11-20 00:10 PST,1.406,0.094
2025-11-20 00:09 PST,1.397,0.091
2025-11-20 00:08 PST,1.390,0.089
2025-11-20 00:07 PST,1.383,0.088
2025-11-20 00:06 PST,1.378,0.088
2025-11-20 00:05 PST,1.374,0.090
2025-11-20 00:04 PST,1.371,0.093
2025-11-20 00:03 PST,1.368,0.095
2025-11-20 00:02 PST,1.364,0.097
2025-11-20 00:01 PST,1.360,0.098
2025-11-20 00:00 PST,1.357,0.101
2025-11-19 23:59 PST,1.355,0.104
2025-11-19 23:58 PST,1.355,0.110
2025-11-19 23:57 PST,1.354,0.114
2025-11-19 23:56 PST,1.351,0.117
2025-11-19 23:55 PST,1.345,0.116
2025-11-19 23:54 PST,1.335,0.112
2025-11-19 23:53 PST,1.325,0.107
2025-11-19 23:52 PST,1.318,0.106
2025-11-19 23:51 PST,1.313,0.106
2025-11-19 23:50 PST,1.309,0.108
2025-11-19 23:49 PST,1.304,0.108
2025-11-19 23:48 PST,1.295,0.104
2025-11-19 23:47 PST,1.285,0.100
2025-11-19 23:46 PST,1.276,0.096
2025-11-19 23:45 PST,1.268,0.094
2025-11-19 23:44 PST,1.261,0.092
2025-11-19 23:43 PST,1.253,0.090
2025-11-19 23:42 PST,1.245,0.087
2025-11-19 23:41 PST,1.237,0.084
2025-11-19 23:40 PST,1.230,0.083
2025-11-19 23:39 PST,1.226,0.084
2025-11-19 23:38 PST,1.221,0.084
2025-11-19 23:37 PST,1.215,0.084
2025-11-19 23:36 PST,1.210,0.084
2025-11-19 23:35 PST,1.207,0.086
2025-11-19 23:34 PST,1.206,0.091
2025-11-19 23:33 PST,1.207,0.097
2025-11-19 23:32 PST,1.206,0.101
2025-11-19 23:31 PST,1.205,0.106
2025-11-19 23:30 PST,1.201,0.107
2025-11-19 23:29 PST,1.195,0.106
2025-11-19 23:28 PST,1.188,0.104
2025-11-19 23:27 PST,1.180,0.102
2025-11-19 23:26 PST,1.172,0.099
2025-11-19 23:25 PST,1.165,0.097
2025-11-19 23:24 PST,1.158,0.095
2025-11-19 23:23 PST,1.150,0.092
2025-11-19 23:22 PST,1.142,0.090
2025-11-19 23:21 PST,1.134,0.087
2025-11-19 23:20 PST,1.129,0.087
2025-11-19 23:19 PST,1.126,0.089
2025-11-19 23:18 PST,1.125,0.093
2025-11-19 23:17 PST,1.125,0.099
2025-11-19 23:16 PST,1.123,0.102
2025-11-19 23:15 PST,1.121,0.105
2025-11-19 23:14 PST,1.118,0.107
2025-11-19 23:13 PST,1.117,0.111
2025-11-19 23:12 PST,1.116,0.115
2025-11-19 23:11 PST,1.115,0.119
2025-11-19 23:10 PST,1.112,0.122
2025-11-19 23:09 PST,1.109,0.124
2025-11-19 23:08 PST,1.105,0.125
2025-11-19 23:07 PST,1.103,0.128
2025-11-19 23:06 PST,1.098,0.128
2025-11-19 23:05 PST,1.090,0.125
2025-11-19 23:04 PST,1.077,0.117
2025-11-19 23:03 PST,1.062,0.107
2025-11-19 23:02 PST,1.050,0.100
2025-11-19 23:01 PST,1.042,0.097
2025-11-19 23:00 PST,1.039,0.099
2025-11-19 22:59 PST,1.036,0.101
2025-11-19 22:58 PST,1.030,0.100
2025-11-19 22:57 PST,1.022,0.097
2025-11-19 22:56 PST,1.014,0.094
2025-11-19 22:55 PST,1.007,0.092
2025-11-19 22:54 PST,1.002,0.092
2025-11-19 22:53 PST,0.997,0.092
2025-11-19 22:52 PST,0.993,0.093
2025-11-19 22:51 PST,0.991,0.096
2025-11-19 22:50 PST,0.991,0.101
2025-11-19 22:49 PST,0.992,0.107
2025-11-19 22:48 PST,0.992,0.112
2025-11-19 22:47 PST,0.987,0.111
2025-11-19 22:46 PST,0.981,0.110
2025-11-19 22:45 PST,0.974,0.108
2025-11-19 22:44 PST,0.970,0.109
2025-11-19 22:43 PST,0.970,0.114
2025-11-19 22:42 PST,0.971,0.120
2025-11-19 22:41 PST,0.970,0.123
2025-11-19 22:40 PST,0.967,0.125
2025-11-19 22:39 PST,0.960,0.123
2025-11-19 22:38 PST,0.952,0.120
2025-11-19 22:37 PST,0.943,0.116
2025-11-19 22:36 PST,0.934,0.111
2025-11-19 22:35 PST,0.928,0.110
2025-11-19 22:34 PST,0.924,0.111
2025-11-19 22:33 PST,0.922,0.114
2025-11-19 22:32 PST,0.922,0.118
2025-11-19 22:31 PST,0.923,0.124
2025-11-19 22:30 PST,0.920,0.126
2025-11-19 22:29 PST,0.915,0.125
2025-11-19 22:28 PST,0.907,0.122
2025-11-19 22:27 PST,0.900,0.119
2025-11-19 22:26 PST,0.897,0.121
2025-11-19 22:25 PST,0.897,0.126
2025-11-19 22:24 PST,0.901,0.134
2025-11-19 22:23 PST,0.903,0.141
2025-11-19 22:22 PST,0.903,0.145
2025-11-19 22:21 PST,0.900,0.147
2025-11-19 22:20 PST,0.892,0.143
2025-11-19 22:19 PST,0.884,0.140
2025-11-19 22:18 PST,0.874,0.134
2025-11-19 22:17 PST,0.866,0.131
2025-11-19 22:16 PST,0.861,0.130
2025-11-19 22:15 PST,0.857,0.130
2025-11-19 22:14 PST,0.853,0.131
2025-11-19 22:13 PST,0.851,0.133
2025-11-19 22:12 PST,0.848,0.134
2025-11-19 22:11 PST,0.843,0.134
2025-11-19 22:10 PST,0.839,0.134
2025-11-19 22:09 PST,0.834,0.133
2025-11-19 22:08 PST,0.828,0.131
2025-11-19 22:07 PST,0.823,0.131
2025-11-19 22:06 PST,0.817,0.129
2025-11-19 22:05 PST,0.812,0.128
2025-11-19 22:04 PST,0.808,0.128
2025-11-19 22:03 PST,0.805,0.129
2025-11-19 22:02 PST,0.801,0.129
2025-11-19 22:01 PST,0.798,0.130
2025-11-19 22:00 PST,0.795,0.131
2025-11-19 21:59 PST,0.792,0.132
2025-11-19 21:58 PST,0.790,0.134
2025-11-19 21:57 PST,0.791,0.139
2025-11-19 21:56 PST,0.790,0.142
2025-11-19 21:55 PST,0.788,0.144
2025-11-19 21:54 PST,0.783,0.143
2025-11-19 21:53 PST,0.775,0.139
2025-11-19 21:52 PST,0.768,0.135
2025-11-19 21:51 PST,0.760,0.131
2025-11-19 21:50 PST,0.750,0.125
2025-11-19 21:49 PST,0.741,0.119
2025-11-19 21:48 PST,0.731,0.113
2025-11-19 21:47 PST,0.726,0.112
2025-11-19 21:46 PST,0.724,0.113
2025-11-19 21:45 PST,0.726,0.119
2025-11-19 21:44 PST,0.728,0.124
2025-11-19 21:43 PST,0.729,0.129
2025-11-19 21:42 PST,0.732,0.135
2025-11-19 21:41 PST,0.734,0.140
2025-11-19 21:40 PST,0.735,0.145
2025-11-19 21:39 PST,0.734,0.147
2025-11-19 21:38 PST,0.731,0.147
2025-11-19 21:37 PST,0.727,0.146
2025-11-19 21:36 PST,0.727,0.149
2025-11-19 21:35 PST,0.731,0.157
2025-11-19 21:34 PST,0.735,0.164
2025-11-19 21:33 PST,0.736,0.168
2025-11-19 21:32 PST,0.730,0.165
2025-11-19 21:31 PST,0.721,0.159
2025-11-19 21:30 PST,0.713,0.153
2025-11-19 21:29 PST,0.708,0.151
2025-11-19 21:28 PST,0.707,0.153
2025-11-19 21:27 PST,0.708,0.157
2025-11-19 21:26 PST,0.706,0.157
2025-11-19 21:25 PST,0.706,0.160
2025-11-19 21:24 PST,0.705,0.162
2025-11-19 21:23 PST,0.704,0.163
2025-11-19 21:22 PST,0.701,0.163
2025-11-19 21:21 PST,0.694,0.158
2025-11-19 21:20 PST,0.686,0.153
2025-11-19 21:19 PST,0.679,0.148
2025-11-19 21:18 PST,0.677,0.148
2025-11-19 21:17 PST,0.678,0.151
2025-11-19 21:16 PST,0.679,0.155
2025-11-19 21:15 PST,0.677,0.155
2025-11-19 21:14 PST,0.671,0.151
2025-11-19 21:13 PST,0.667,0.149
2025-11-19 21:12 PST,0.666,0.150
2025-11-19 21:11 PST,0.669,0.155
2025-11-19 21:10 PST,0.673,0.160
2025-11-19 21:09 PST,0.674,0.163
2025-11-19 21:08 PST,0.673,0.164
2025-11-19 21:07 PST,0.673,0.165
2025-11-19 21:06 PST,0.673,0.167
2025-11-19 21:05 PST,0.675,0.171
2025-11-19 21:04 PST,0.673,0.170
2025-11-19 21:03 PST,0.665,0.163
2025-11-19 21:02 PST,0.652,0.152
2025-11-19 21:01 PST,0.639,0.140
2025-11-19 21:00 PST,0.634,0.136
2025-11-19 20:59 PST,0.635,0.138
2025-11-19 20:58 PST,0.641,0.146
2025-11-19 20:57 PST,0.644,0.150
2025-11-19 20:56 PST,0.643,0.149
2025-11-19 20:55 PST,0.640,0.147
2025-11-19 20:54 PST,0.637,0.145
2025-11-19 20:53 PST,0.640,0.149
2025-11-19 20:52 PST,0.646,0.156
2025-11-19 20:51 PST,0.649,0.159
2025-11-19 20:50 PST,0.651,0.162
2025-11-19 20:49 PST,0.652,0.163
2025-11-19 20:48 PST,0.653,0.165
2025-11-19 20:47 PST,0.657,0.169
2025-11-19 20:46 PST,0.659,0.171
2025-11-19 20:45 PST,0.658,0.171
2025-11-19 20:44 PST,0.653,0.166
2025-11-19 20:43 PST,0.647,0.160
2025-11-19 20:42 PST,0.646,0.159
2025-11-19 20:41 PST,0.648,0.161
2025-11-19 20:40 PST,0.652,0.165
2025-11-19 20:39 PST,0.654,0.166
2025-11-19 20:38 PST,0.653,0.165
2025-11-19 20:37 PST,0.653,0.165
2025-11-19 20:36 PST,0.654,0.165
2025-11-19 20:35 PST,0.659,0.170
2025-11-19 20:34 PST,0.659,0.169
2025-11-19 20:33 PST,0.654,0.164
2025-11-19 20:32 PST,0.647,0.156
2025-11-19 20:31 PST,0.642,0.150
2025-11-19 20:30 PST,0.645,0.152
2025-11-19 20:29 PST,0.653,0.159
2025-11-19 20:28 PST,0.659,0.164
2025-11-19 20:27 PST,0.659,0.163
2025-11-19 20:26 PST,0.651,0.154
2025-11-19 20:25 PST,0.644,0.146
2025-11-19 20:24 PST,0.644,0.145
2025-11-19 20:23 PST,0.652,0.151
2025-11-19 20:22 PST,0.661,0.159
2025-11-19 20:21 PST,0.665,0.161
2025-11-19 20:20 PST,0.665,0.160
2025-11-19 20:19 PST,0.661,0.154
2025-11-19 20:18 PST,0.661,0.152
2025-11-19 20:17 PST,0.664,0.154
2025-11-19 20:16 PST,0.665,0.153
2025-11-19 20:15 PST,0.666,0.152
2025-11-19 20:14 PST,0.663,0.147
2025-11-19 20:13 PST,0.663,0.145
2025-11-19 20:12 PST,0.665,0.144
2025-11-19 20:11 PST,0.669,0.146
2025-11-19 20:10 PST,0.674,0.149
2025-11-19 20:09 PST,0.674,0.146
2025-11-19 20:08 PST,0.671,0.141
2025-11-19 20:07 PST,0.665,0.132
2025-11-19 20:06 PST,0.663,0.128
2025-11-19 20:05 PST,0.665,0.127
2025-11-19 20:04 PST,0.668,0.127
2025-11-19 20:03 PST,0.675,0.132
2025-11-19 20:02 PST,0.679,0.133
2025-11-19 20:01 PST,0.684,0.135
2025-11-19 20:00 PST,0.688,0.136
2025-11-19 19:59 PST,0.691,0.135
2025-11-19 19:58 PST,0.697,0.138
2025-11-19 19:57 PST,0.702,0.140
2025-11-19 19:56 PST,0.701,0.136
2025-11-19 19:55 PST,0.702,0.133
2025-11-19 19:54 PST,0.699,0.127
2025-11-19 19:53 PST,0.699,0.123
2025-11-19 19:52 PST,0.702,0.123
2025-11-19 19:51 PST,0.703,0.120
2025-11-19 19:50 PST,0.704,0.117
2025-11-19 19:49 PST,0.700,0.110
2025-11-19 19:48 PST,0.700,0.106
2025-11-19 19:47 PST,0.701,0.103
2025-11-19 19:46 PST,0.707,0.105
2025-11-19 19:45 PST,0.718,0.112
2025-11-19 19:44 PST,0.724,0.113
2025-11-19 19:43 PST,0.738,0.123
2025-11-19 19:42 PST,0.743,0.124
2025-11-19 19:41 PST,0.747,0.124
2025-11-19 19:40 PST,0.751,0.123
2025-11-19 19:39 PST,0.753,0.121
2025-11-19 19:38 PST,0.756,0.119
2025-11-19 19:37 PST,0.761,0.120
2025-11-19 19:36 PST,0.765,0.119
2025-11-19 19:35 PST,0.768,0.117
2025-11-19 19:34 PST,0.767,0.112
2025-11-19 19:33 PST,0.763,0.103
2025-11-19 19:32 PST,0.762,0.097
2025-11-19 19:31 PST,0.764,0.094
2025-11-19 19:30 PST,0.774,0.099
2025-11-19 19:29 PST,0.786,0.106
2025-11-19 19:28 PST,0.798,0.113
2025-11-19 19:27 PST,0.807,0.117
2025-11-19 19:26 PST,0.812,0.116
2025-11-19 19:25 PST,0.817,0.116
2025-11-19 19:24 PST,0.823,0.117
2025-11-19 19:23 PST,0.831,0.119
2025-11-19 19:22 PST,0.837,0.120
2025-11-19 19:21 PST,0.839,0.116
2025-11-19 19:20 PST,0.840,0.112
2025-11-19 19:19 PST,0.842,0.108
2025-11-19 19:18 PST,0.846,0.107
2025-11-19 19:17 PST,0.853,0.108
2025-11-19 19:16 PST,0.860,0.109
2025-11-19 19:15 PST,0.865,0.108
2025-11-19 19:14 PST,0.870,0.108
2025-11-19 19:13 PST,0.877,0.109
2025-11-19 19:12 PST,0.886,0.112
2025-11-19 19:11 PST,0.898,0.118
2025-11-19 19:10 PST,0.907,0.121
2025-11-19 19:09 PST,0.912,0.120
2025-11-19 19:08 PST,0.912,0.114
2025-11-19 19:07 PST,0.911,0.106
2025-11-19 19:06 PST,0.913,0.102
2025-11-19 19:05 PST,0.918,0.101
2025-11-19 19:04 PST,0.925,0.102
2025-11-19 19:03 PST,0.931,0.101
2025-11-19 19:02 PST,0.934,0.098
2025-11-19 19:01 PST,0.936,0.094
2025-11-19 19:00 PST,0.941,0.092
2025-11-19 18:59 PST,0.948,0.093
2025-11-19 18:58 PST,0.954,0.092
2025-11-19 18:57 PST,0.958,0.090
2025-11-19 18:56 PST,0.960,0.085
2025-11-19 18:55 PST,0.964,0.082
2025-11-19 18:54 PST,0.971,0.083
2025-11-19 18:53 PST,0.981,0.086
2025-11-19 18:52 PST,0.991,0.089
2025-11-19 18:51 PST,0.999,0.091
2025-11-19 18:50 PST,1.002,0.087
2025-11-19 18:49 PST,1.003,0.081
2025-11-19 18:48 PST,1.008,0.079
2025-11-19 18:47 PST,1.015,0.079
2025-11-19 18:46 PST,1.025,0.083
2025-11-19 18:45 PST,1.033,0.084
2025-11-19 18:44 PST,1.038,0.082
2025-11-19 18:43 PST,1.040,0.077
2025-11-19 18:42 PST,1.044,0.074
2025-11-19 18:41 PST,1.052,0.075
2025-11-19 18:40 PST,1.064,0.080
2025-11-19 18:39 PST,1.076,0.085
2025-11-19 18:38 PST,1.086,0.088
2025-11-19 18:37 PST,1.094,0.088
2025-11-19 18:36 PST,1.101,0.088
2025-11-19 18:35 PST,1.111,0.091
2025-11-19 18:34 PST,1.122,0.095
2025-11-19 18:33 PST,1.132,0.098
2025-11-19 18:32 PST,1.141,0.100
2025-11-19 18:31 PST,1.147,0.099
2025-11-19 18:30 PST,1.151,0.095
2025-11-19 18:29 PST,1.158,0.095
2025-11-19 18:28 PST,1.167,0.097
2025-11-19 18:27 PST,1.177,0.100
2025-11-19 18:26 PST,1.187,0.102
2025-11-19 18:25 PST,1.194,0.102
2025-11-19 18:24 PST,1.200,0.101
2025-11-19 18:23 PST,1.205,0.098
2025-11-19 18:22 PST,1.210,0.096
2025-11-19 18:21 PST,1.217,0.096
2025-11-19 18:20 PST,1.224,0.096
2025-11-19 18:19 PST,1.231,0.095
2025-11-19 18:18 PST,1.237,0.094
2025-11-19 18:17 PST,1.242,0.092
2025-11-19 18:16 PST,1.248,0.090
2025-11-19 18:15 PST,1.256,0.091
2025-11-19 18:14 PST,1.265,0.092
2025-11-19 18:13 PST,1.274,0.094
2025-11-19 18:12 PST,1.281,0.094
2025-11-19 18:11 PST,1.285,0.090
2025-11-19 18:10 PST,1.289,0.087
2025-11-19 18:09 PST,1.293,0.084
2025-11-19 18:08 PST,1.298,0.081
2025-11-19 18:07 PST,1.304,0.080
2025-11-19 18:06 PST,1.310,0.078
2025-11-19 18:05 PST,1.319,0.080
2025-11-19 18:04 PST,1.328,0.082
2025-11-19 18:03 PST,1.338,0.084
2025-11-19 18:02 PST,1.350,0.089
2025-11-19 18:01 PST,1.361,0.093
2025-11-19 18:00 PST,1.370,0.094
2025-11-19 17:59 PST,1.376,0.093
2025-11-19 17:58 PST,1.382,0.091
2025-11-19 17:57 PST,1.388,0.090
2025-11-19 17:56 PST,1.394,0.089
2025-11-19 17:55 PST,1.402,0.089
2025-11-19 17:54 PST,1.409,0.089
Generated on 11/20/2025,CHS Tide Predictions are based upon the latest information available as of the date of your request,